<?xml version="1.0" encoding="UTF-8"?>
<config xmlns="http://www.knime.org/2008/09/XMLConfig" xmlns:xsi="http://www.w3.org/2001/XMLSchema-instance" xsi:schemaLocation="http://www.knime.org/2008/09/XMLConfig http://www.knime.org/XMLConfig_2008_09.xsd" key="model.xml">
    <entry key="version" type="xint" value="1"/>
    <entry key="class_name" type="xstring" value="org.knime.base.data.normalize.NormalizerPortObject"/>
    <config key="model">
        <config key="columns">
            <config key="Lot Frontage">
                <entry key="column_name" type="xstring" value="Lot Frontage"/>
                <entry key="column_scale" type="xdouble" value="0.03182574348456045"/>
                <entry key="column_translate" type="xdouble" value="-1.8143515370439127"/>
                <entry key="column_min" type="xdouble" value="NaN"/>
                <entry key="column_max" type="xdouble" value="NaN"/>
            </config>
            <config key="Lot Area">
                <entry key="column_name" type="xstring" value="Lot Area"/>
                <entry key="column_scale" type="xdouble" value="2.811017851278163E-4"/>
                <entry key="column_translate" type="xdouble" value="-2.624276354720554"/>
                <entry key="column_min" type="xdouble" value="NaN"/>
                <entry key="column_max" type="xdouble" value="NaN"/>
            </config>
            <config key="Overall Qual">
                <entry key="column_name" type="xstring" value="Overall Qual"/>
                <entry key="column_scale" type="xdouble" value="0.7607876947237168"/>
                <entry key="column_translate" type="xdouble" value="-4.539153472721339"/>
                <entry key="column_min" type="xdouble" value="NaN"/>
                <entry key="column_max" type="xdouble" value="NaN"/>
            </config>
            <config key="Year Built">
                <entry key="column_name" type="xstring" value="Year Built"/>
                <entry key="column_scale" type="xdouble" value="0.03352231172686423"/>
                <entry key="column_translate" type="xdouble" value="-66.03789772655301"/>
                <entry key="column_min" type="xdouble" value="NaN"/>
                <entry key="column_max" type="xdouble" value="NaN"/>
            </config>
            <config key="Year Remod/Add">
                <entry key="column_name" type="xstring" value="Year Remod/Add"/>
                <entry key="column_scale" type="xdouble" value="0.04786086728402983"/>
                <entry key="column_translate" type="xdouble" value="-94.93947081287116"/>
                <entry key="column_min" type="xdouble" value="NaN"/>
                <entry key="column_max" type="xdouble" value="NaN"/>
            </config>
            <config key="BsmtFin SF 1">
                <entry key="column_name" type="xstring" value="BsmtFin SF 1"/>
                <entry key="column_scale" type="xdouble" value="0.0024858435046134966"/>
                <entry key="column_translate" type="xdouble" value="-1.0108178653741469"/>
                <entry key="column_min" type="xdouble" value="NaN"/>
                <entry key="column_max" type="xdouble" value="NaN"/>
            </config>
            <config key="BsmtFin SF 2">
                <entry key="column_name" type="xstring" value="BsmtFin SF 2"/>
                <entry key="column_scale" type="xdouble" value="0.00593438264252417"/>
                <entry key="column_translate" type="xdouble" value="-0.30047487324188155"/>
                <entry key="column_min" type="xdouble" value="NaN"/>
                <entry key="column_max" type="xdouble" value="NaN"/>
            </config>
            <config key="Bsmt Unf SF">
                <entry key="column_name" type="xstring" value="Bsmt Unf SF"/>
                <entry key="column_scale" type="xdouble" value="0.0023206141866887395"/>
                <entry key="column_translate" type="xdouble" value="-1.27903868557676"/>
                <entry key="column_min" type="xdouble" value="NaN"/>
                <entry key="column_max" type="xdouble" value="NaN"/>
            </config>
            <config key="Total Bsmt SF">
                <entry key="column_name" type="xstring" value="Total Bsmt SF"/>
                <entry key="column_scale" type="xdouble" value="0.0026099596880036512"/>
                <entry key="column_translate" type="xdouble" value="-2.6319524365510936"/>
                <entry key="column_min" type="xdouble" value="NaN"/>
                <entry key="column_max" type="xdouble" value="NaN"/>
            </config>
            <config key="1st Flr SF">
                <entry key="column_name" type="xstring" value="1st Flr SF"/>
                <entry key="column_scale" type="xdouble" value="0.0029571002613885573"/>
                <entry key="column_translate" type="xdouble" value="-3.3101289546738455"/>
                <entry key="column_min" type="xdouble" value="NaN"/>
                <entry key="column_max" type="xdouble" value="NaN"/>
            </config>
            <config key="2nd Flr SF">
                <entry key="column_name" type="xstring" value="2nd Flr SF"/>
                <entry key="column_scale" type="xdouble" value="0.002418917178737526"/>
                <entry key="column_translate" type="xdouble" value="-0.7765041753671122"/>
                <entry key="column_min" type="xdouble" value="NaN"/>
                <entry key="column_max" type="xdouble" value="NaN"/>
            </config>
            <config key="Gr Liv Area">
                <entry key="column_name" type="xstring" value="Gr Liv Area"/>
                <entry key="column_scale" type="xdouble" value="0.002257255383768598"/>
                <entry key="column_translate" type="xdouble" value="-3.262214170527983"/>
                <entry key="column_min" type="xdouble" value="NaN"/>
                <entry key="column_max" type="xdouble" value="NaN"/>
            </config>
            <config key="Bsmt Full Bath">
                <entry key="column_name" type="xstring" value="Bsmt Full Bath"/>
                <entry key="column_scale" type="xdouble" value="1.932571899735892"/>
                <entry key="column_translate" type="xdouble" value="-0.7977949123909708"/>
                <entry key="column_min" type="xdouble" value="NaN"/>
                <entry key="column_max" type="xdouble" value="NaN"/>
            </config>
            <config key="Bsmt Half Bath">
                <entry key="column_name" type="xstring" value="Bsmt Half Bath"/>
                <entry key="column_scale" type="xdouble" value="4.213800060249709"/>
                <entry key="column_translate" type="xdouble" value="-0.2522968523468837"/>
                <entry key="column_min" type="xdouble" value="NaN"/>
                <entry key="column_max" type="xdouble" value="NaN"/>
            </config>
            <config key="Full Bath">
                <entry key="column_name" type="xstring" value="Full Bath"/>
                <entry key="column_scale" type="xdouble" value="1.85341179689658"/>
                <entry key="column_translate" type="xdouble" value="-2.84047039041188"/>
                <entry key="column_min" type="xdouble" value="NaN"/>
                <entry key="column_max" type="xdouble" value="NaN"/>
            </config>
            <config key="Half Bath">
                <entry key="column_name" type="xstring" value="Half Bath"/>
                <entry key="column_scale" type="xdouble" value="2.0073396045606198"/>
                <entry key="column_translate" type="xdouble" value="-0.7211241016383741"/>
                <entry key="column_min" type="xdouble" value="NaN"/>
                <entry key="column_max" type="xdouble" value="NaN"/>
            </config>
            <config key="Bedroom AbvGr">
                <entry key="column_name" type="xstring" value="Bedroom AbvGr"/>
                <entry key="column_scale" type="xdouble" value="1.2074739938530914"/>
                <entry key="column_translate" type="xdouble" value="-3.437242146367519"/>
                <entry key="column_min" type="xdouble" value="NaN"/>
                <entry key="column_max" type="xdouble" value="NaN"/>
            </config>
            <config key="Kitchen AbvGr">
                <entry key="column_name" type="xstring" value="Kitchen AbvGr"/>
                <entry key="column_scale" type="xdouble" value="4.4931997373886885"/>
                <entry key="column_translate" type="xdouble" value="-4.717387749495791"/>
                <entry key="column_min" type="xdouble" value="NaN"/>
                <entry key="column_max" type="xdouble" value="NaN"/>
            </config>
            <config key="TotRms AbvGrd">
                <entry key="column_name" type="xstring" value="TotRms AbvGrd"/>
                <entry key="column_scale" type="xdouble" value="0.66712802898319"/>
                <entry key="column_translate" type="xdouble" value="-4.2347213016233365"/>
                <entry key="column_min" type="xdouble" value="NaN"/>
                <entry key="column_max" type="xdouble" value="NaN"/>
            </config>
            <config key="Fireplaces">
                <entry key="column_name" type="xstring" value="Fireplaces"/>
                <entry key="column_scale" type="xdouble" value="1.6094156643484947"/>
                <entry key="column_translate" type="xdouble" value="-0.9044510298597104"/>
                <entry key="column_min" type="xdouble" value="NaN"/>
                <entry key="column_max" type="xdouble" value="NaN"/>
            </config>
            <config key="Garage Yr Blt">
                <entry key="column_name" type="xstring" value="Garage Yr Blt"/>
                <entry key="column_scale" type="xdouble" value="0.04072816721611113"/>
                <entry key="column_translate" type="xdouble" value="-80.51413533384667"/>
                <entry key="column_min" type="xdouble" value="NaN"/>
                <entry key="column_max" type="xdouble" value="NaN"/>
            </config>
            <config key="Garage Cars">
                <entry key="column_name" type="xstring" value="Garage Cars"/>
                <entry key="column_scale" type="xdouble" value="1.3698285938759793"/>
                <entry key="column_translate" type="xdouble" value="-2.328133051356441"/>
                <entry key="column_min" type="xdouble" value="NaN"/>
                <entry key="column_max" type="xdouble" value="NaN"/>
            </config>
            <config key="Wood Deck SF">
                <entry key="column_name" type="xstring" value="Wood Deck SF"/>
                <entry key="column_scale" type="xdouble" value="0.008328193385716165"/>
                <entry key="column_translate" type="xdouble" value="-0.743964863551954"/>
                <entry key="column_min" type="xdouble" value="NaN"/>
                <entry key="column_max" type="xdouble" value="NaN"/>
            </config>
            <config key="Enclosed Porch">
                <entry key="column_name" type="xstring" value="Enclosed Porch"/>
                <entry key="column_scale" type="xdouble" value="0.016674421300727663"/>
                <entry key="column_translate" type="xdouble" value="-0.3748767217431447"/>
                <entry key="column_min" type="xdouble" value="NaN"/>
                <entry key="column_max" type="xdouble" value="NaN"/>
            </config>
            <config key="Screen Porch">
                <entry key="column_name" type="xstring" value="Screen Porch"/>
                <entry key="column_scale" type="xdouble" value="0.0182739670897083"/>
                <entry key="column_translate" type="xdouble" value="-0.28278580164451916"/>
                <entry key="column_min" type="xdouble" value="NaN"/>
                <entry key="column_max" type="xdouble" value="NaN"/>
            </config>
            <config key="Mo Sold">
                <entry key="column_name" type="xstring" value="Mo Sold"/>
                <entry key="column_scale" type="xdouble" value="0.3713141640684914"/>
                <entry key="column_translate" type="xdouble" value="-2.3228587228045163"/>
                <entry key="column_min" type="xdouble" value="NaN"/>
                <entry key="column_max" type="xdouble" value="NaN"/>
            </config>
            <config key="Yr Sold">
                <entry key="column_name" type="xstring" value="Yr Sold"/>
                <entry key="column_scale" type="xdouble" value="0.7575111968623252"/>
                <entry key="column_translate" type="xdouble" value="-1520.9324928997478"/>
                <entry key="column_min" type="xdouble" value="NaN"/>
                <entry key="column_max" type="xdouble" value="NaN"/>
            </config>
            <config key="SalePrice">
                <entry key="column_name" type="xstring" value="SalePrice"/>
                <entry key="column_scale" type="xdouble" value="1.6759213057280823E-5"/>
                <entry key="column_translate" type="xdouble" value="-2.8401903503770742"/>
                <entry key="column_min" type="xdouble" value="NaN"/>
                <entry key="column_max" type="xdouble" value="NaN"/>
            </config>
            <config key="Garage">
                <entry key="column_name" type="xstring" value="Garage"/>
                <entry key="column_scale" type="xdouble" value="4.379682570483313"/>
                <entry key="column_translate" type="xdouble" value="-4.138155958140481"/>
                <entry key="column_min" type="xdouble" value="NaN"/>
                <entry key="column_max" type="xdouble" value="NaN"/>
            </config>
        </config>
        <entry key="summary" type="xstring" value="Z-Score (Gaussian) normalization on 29 column(s)"/>
    </config>
</config>
