<?xml version="1.0" encoding="UTF-8"?>
<config xmlns="http://www.knime.org/2008/09/XMLConfig" xmlns:xsi="http://www.w3.org/2001/XMLSchema-instance" xsi:schemaLocation="http://www.knime.org/2008/09/XMLConfig http://www.knime.org/XMLConfig_2008_09.xsd" key="model.xml">
    <entry key="version" type="xint" value="1"/>
    <entry key="class_name" type="xstring" value="org.knime.base.data.normalize.NormalizerPortObject"/>
    <config key="model">
        <config key="columns">
            <config key="Lot Frontage">
                <entry key="column_name" type="xstring" value="Lot Frontage"/>
                <entry key="column_scale" type="xdouble" value="0.005952380952380952"/>
                <entry key="column_translate" type="xdouble" value="0.0"/>
                <entry key="column_min" type="xdouble" value="0.0"/>
                <entry key="column_max" type="xdouble" value="1.0"/>
            </config>
            <config key="Lot Area">
                <entry key="column_name" type="xstring" value="Lot Area"/>
                <entry key="column_scale" type="xdouble" value="4.554356241745229E-5"/>
                <entry key="column_translate" type="xdouble" value="-0.05920663114268798"/>
                <entry key="column_min" type="xdouble" value="0.0"/>
                <entry key="column_max" type="xdouble" value="1.0"/>
            </config>
            <config key="Overall Qual">
                <entry key="column_name" type="xstring" value="Overall Qual"/>
                <entry key="column_scale" type="xdouble" value="0.1111111111111111"/>
                <entry key="column_translate" type="xdouble" value="-0.1111111111111111"/>
                <entry key="column_min" type="xdouble" value="0.0"/>
                <entry key="column_max" type="xdouble" value="1.0"/>
            </config>
            <config key="Year Built">
                <entry key="column_name" type="xstring" value="Year Built"/>
                <entry key="column_scale" type="xdouble" value="0.007407407407407408"/>
                <entry key="column_translate" type="xdouble" value="-13.88888888888889"/>
                <entry key="column_min" type="xdouble" value="0.0"/>
                <entry key="column_max" type="xdouble" value="1.0"/>
            </config>
            <config key="Year Remod/Add">
                <entry key="column_name" type="xstring" value="Year Remod/Add"/>
                <entry key="column_scale" type="xdouble" value="0.016666666666666666"/>
                <entry key="column_translate" type="xdouble" value="-32.5"/>
                <entry key="column_min" type="xdouble" value="0.0"/>
                <entry key="column_max" type="xdouble" value="1.0"/>
            </config>
            <config key="Mas Vnr Area">
                <entry key="column_name" type="xstring" value="Mas Vnr Area"/>
                <entry key="column_scale" type="xdouble" value="6.25E-4"/>
                <entry key="column_translate" type="xdouble" value="0.0"/>
                <entry key="column_min" type="xdouble" value="0.0"/>
                <entry key="column_max" type="xdouble" value="1.0"/>
            </config>
            <config key="BsmtFin SF 1">
                <entry key="column_name" type="xstring" value="BsmtFin SF 1"/>
                <entry key="column_scale" type="xdouble" value="5.319148936170213E-4"/>
                <entry key="column_translate" type="xdouble" value="0.0"/>
                <entry key="column_min" type="xdouble" value="0.0"/>
                <entry key="column_max" type="xdouble" value="1.0"/>
            </config>
            <config key="BsmtFin SF 2">
                <entry key="column_name" type="xstring" value="BsmtFin SF 2"/>
                <entry key="column_scale" type="xdouble" value="6.784260515603799E-4"/>
                <entry key="column_translate" type="xdouble" value="0.0"/>
                <entry key="column_min" type="xdouble" value="0.0"/>
                <entry key="column_max" type="xdouble" value="1.0"/>
            </config>
            <config key="Bsmt Unf SF">
                <entry key="column_name" type="xstring" value="Bsmt Unf SF"/>
                <entry key="column_scale" type="xdouble" value="4.8496605237633366E-4"/>
                <entry key="column_translate" type="xdouble" value="0.0"/>
                <entry key="column_min" type="xdouble" value="0.0"/>
                <entry key="column_max" type="xdouble" value="1.0"/>
            </config>
            <config key="Total Bsmt SF">
                <entry key="column_name" type="xstring" value="Total Bsmt SF"/>
                <entry key="column_scale" type="xdouble" value="3.961965134706815E-4"/>
                <entry key="column_translate" type="xdouble" value="0.0"/>
                <entry key="column_min" type="xdouble" value="0.0"/>
                <entry key="column_max" type="xdouble" value="1.0"/>
            </config>
            <config key="1st Flr SF">
                <entry key="column_name" type="xstring" value="1st Flr SF"/>
                <entry key="column_scale" type="xdouble" value="3.95882818685669E-4"/>
                <entry key="column_translate" type="xdouble" value="-0.14726840855106887"/>
                <entry key="column_min" type="xdouble" value="0.0"/>
                <entry key="column_max" type="xdouble" value="1.0"/>
            </config>
            <config key="2nd Flr SF">
                <entry key="column_name" type="xstring" value="2nd Flr SF"/>
                <entry key="column_scale" type="xdouble" value="5.592841163310962E-4"/>
                <entry key="column_translate" type="xdouble" value="0.0"/>
                <entry key="column_min" type="xdouble" value="0.0"/>
                <entry key="column_max" type="xdouble" value="1.0"/>
            </config>
            <config key="Low Qual Fin SF">
                <entry key="column_name" type="xstring" value="Low Qual Fin SF"/>
                <entry key="column_scale" type="xdouble" value="9.398496240601503E-4"/>
                <entry key="column_translate" type="xdouble" value="0.0"/>
                <entry key="column_min" type="xdouble" value="0.0"/>
                <entry key="column_max" type="xdouble" value="1.0"/>
            </config>
            <config key="Gr Liv Area">
                <entry key="column_name" type="xstring" value="Gr Liv Area"/>
                <entry key="column_scale" type="xdouble" value="3.3467202141900936E-4"/>
                <entry key="column_translate" type="xdouble" value="-0.13621151271753681"/>
                <entry key="column_min" type="xdouble" value="0.0"/>
                <entry key="column_max" type="xdouble" value="1.0"/>
            </config>
            <config key="Bsmt Full Bath">
                <entry key="column_name" type="xstring" value="Bsmt Full Bath"/>
                <entry key="column_scale" type="xdouble" value="0.3333333333333333"/>
                <entry key="column_translate" type="xdouble" value="0.0"/>
                <entry key="column_min" type="xdouble" value="0.0"/>
                <entry key="column_max" type="xdouble" value="1.0"/>
            </config>
            <config key="Bsmt Half Bath">
                <entry key="column_name" type="xstring" value="Bsmt Half Bath"/>
                <entry key="column_scale" type="xdouble" value="1.0"/>
                <entry key="column_translate" type="xdouble" value="0.0"/>
                <entry key="column_min" type="xdouble" value="0.0"/>
                <entry key="column_max" type="xdouble" value="1.0"/>
            </config>
            <config key="Full Bath">
                <entry key="column_name" type="xstring" value="Full Bath"/>
                <entry key="column_scale" type="xdouble" value="0.25"/>
                <entry key="column_translate" type="xdouble" value="0.0"/>
                <entry key="column_min" type="xdouble" value="0.0"/>
                <entry key="column_max" type="xdouble" value="1.0"/>
            </config>
            <config key="Half Bath">
                <entry key="column_name" type="xstring" value="Half Bath"/>
                <entry key="column_scale" type="xdouble" value="0.5"/>
                <entry key="column_translate" type="xdouble" value="0.0"/>
                <entry key="column_min" type="xdouble" value="0.0"/>
                <entry key="column_max" type="xdouble" value="1.0"/>
            </config>
            <config key="Bedroom AbvGr">
                <entry key="column_name" type="xstring" value="Bedroom AbvGr"/>
                <entry key="column_scale" type="xdouble" value="0.125"/>
                <entry key="column_translate" type="xdouble" value="0.0"/>
                <entry key="column_min" type="xdouble" value="0.0"/>
                <entry key="column_max" type="xdouble" value="1.0"/>
            </config>
            <config key="Kitchen AbvGr">
                <entry key="column_name" type="xstring" value="Kitchen AbvGr"/>
                <entry key="column_scale" type="xdouble" value="0.5"/>
                <entry key="column_translate" type="xdouble" value="-0.5"/>
                <entry key="column_min" type="xdouble" value="0.0"/>
                <entry key="column_max" type="xdouble" value="1.0"/>
            </config>
            <config key="TotRms AbvGrd">
                <entry key="column_name" type="xstring" value="TotRms AbvGrd"/>
                <entry key="column_scale" type="xdouble" value="0.09090909090909091"/>
                <entry key="column_translate" type="xdouble" value="-0.2727272727272727"/>
                <entry key="column_min" type="xdouble" value="0.0"/>
                <entry key="column_max" type="xdouble" value="1.0"/>
            </config>
            <config key="Fireplaces">
                <entry key="column_name" type="xstring" value="Fireplaces"/>
                <entry key="column_scale" type="xdouble" value="0.3333333333333333"/>
                <entry key="column_translate" type="xdouble" value="0.0"/>
                <entry key="column_min" type="xdouble" value="0.0"/>
                <entry key="column_max" type="xdouble" value="1.0"/>
            </config>
            <config key="Garage Yr Blt">
                <entry key="column_name" type="xstring" value="Garage Yr Blt"/>
                <entry key="column_scale" type="xdouble" value="0.008695652173913044"/>
                <entry key="column_translate" type="xdouble" value="-16.47826086956522"/>
                <entry key="column_min" type="xdouble" value="0.0"/>
                <entry key="column_max" type="xdouble" value="1.0"/>
            </config>
            <config key="Garage Cars">
                <entry key="column_name" type="xstring" value="Garage Cars"/>
                <entry key="column_scale" type="xdouble" value="0.25"/>
                <entry key="column_translate" type="xdouble" value="0.0"/>
                <entry key="column_min" type="xdouble" value="0.0"/>
                <entry key="column_max" type="xdouble" value="1.0"/>
            </config>
            <config key="Garage Area">
                <entry key="column_name" type="xstring" value="Garage Area"/>
                <entry key="column_scale" type="xdouble" value="6.720430107526882E-4"/>
                <entry key="column_translate" type="xdouble" value="0.0"/>
                <entry key="column_min" type="xdouble" value="0.0"/>
                <entry key="column_max" type="xdouble" value="1.0"/>
            </config>
            <config key="Wood Deck SF">
                <entry key="column_name" type="xstring" value="Wood Deck SF"/>
                <entry key="column_scale" type="xdouble" value="0.0013736263736263737"/>
                <entry key="column_translate" type="xdouble" value="0.0"/>
                <entry key="column_min" type="xdouble" value="0.0"/>
                <entry key="column_max" type="xdouble" value="1.0"/>
            </config>
            <config key="Open Porch SF">
                <entry key="column_name" type="xstring" value="Open Porch SF"/>
                <entry key="column_scale" type="xdouble" value="0.0013477088948787063"/>
                <entry key="column_translate" type="xdouble" value="0.0"/>
                <entry key="column_min" type="xdouble" value="0.0"/>
                <entry key="column_max" type="xdouble" value="1.0"/>
            </config>
            <config key="Enclosed Porch">
                <entry key="column_name" type="xstring" value="Enclosed Porch"/>
                <entry key="column_scale" type="xdouble" value="0.0023148148148148147"/>
                <entry key="column_translate" type="xdouble" value="0.0"/>
                <entry key="column_min" type="xdouble" value="0.0"/>
                <entry key="column_max" type="xdouble" value="1.0"/>
            </config>
            <config key="3Ssn Porch">
                <entry key="column_name" type="xstring" value="3Ssn Porch"/>
                <entry key="column_scale" type="xdouble" value="0.001968503937007874"/>
                <entry key="column_translate" type="xdouble" value="0.0"/>
                <entry key="column_min" type="xdouble" value="0.0"/>
                <entry key="column_max" type="xdouble" value="1.0"/>
            </config>
            <config key="Screen Porch">
                <entry key="column_name" type="xstring" value="Screen Porch"/>
                <entry key="column_scale" type="xdouble" value="0.0020833333333333333"/>
                <entry key="column_translate" type="xdouble" value="0.0"/>
                <entry key="column_min" type="xdouble" value="0.0"/>
                <entry key="column_max" type="xdouble" value="1.0"/>
            </config>
            <config key="Pool Area">
                <entry key="column_name" type="xstring" value="Pool Area"/>
                <entry key="column_scale" type="xdouble" value="0.0015432098765432098"/>
                <entry key="column_translate" type="xdouble" value="0.0"/>
                <entry key="column_min" type="xdouble" value="0.0"/>
                <entry key="column_max" type="xdouble" value="1.0"/>
            </config>
            <config key="Misc Val">
                <entry key="column_name" type="xstring" value="Misc Val"/>
                <entry key="column_scale" type="xdouble" value="6.451612903225807E-5"/>
                <entry key="column_translate" type="xdouble" value="0.0"/>
                <entry key="column_min" type="xdouble" value="0.0"/>
                <entry key="column_max" type="xdouble" value="1.0"/>
            </config>
            <config key="Mo Sold">
                <entry key="column_name" type="xstring" value="Mo Sold"/>
                <entry key="column_scale" type="xdouble" value="0.09090909090909091"/>
                <entry key="column_translate" type="xdouble" value="-0.09090909090909091"/>
                <entry key="column_min" type="xdouble" value="0.0"/>
                <entry key="column_max" type="xdouble" value="1.0"/>
            </config>
            <config key="Yr Sold">
                <entry key="column_name" type="xstring" value="Yr Sold"/>
                <entry key="column_scale" type="xdouble" value="0.25"/>
                <entry key="column_translate" type="xdouble" value="-501.5"/>
                <entry key="column_min" type="xdouble" value="0.0"/>
                <entry key="column_max" type="xdouble" value="1.0"/>
            </config>
            <config key="SalePrice">
                <entry key="column_name" type="xstring" value="SalePrice"/>
                <entry key="column_scale" type="xdouble" value="3.0590394616090545E-6"/>
                <entry key="column_translate" type="xdouble" value="-0.04007341694707862"/>
                <entry key="column_min" type="xdouble" value="0.0"/>
                <entry key="column_max" type="xdouble" value="1.0"/>
            </config>
            <config key="Garage">
                <entry key="column_name" type="xstring" value="Garage"/>
                <entry key="column_scale" type="xdouble" value="1.0"/>
                <entry key="column_translate" type="xdouble" value="0.0"/>
                <entry key="column_min" type="xdouble" value="0.0"/>
                <entry key="column_max" type="xdouble" value="1.0"/>
            </config>
        </config>
        <entry key="summary" type="xstring" value="Min/Max (0.0, 1) normalization on 36 column(s)"/>
    </config>
</config>
