<?xml version="1.0" encoding="UTF-8"?>
<config xmlns="http://www.knime.org/2008/09/XMLConfig" xmlns:xsi="http://www.w3.org/2001/XMLSchema-instance" xsi:schemaLocation="http://www.knime.org/2008/09/XMLConfig http://www.knime.org/XMLConfig_2008_09.xsd" key="preprocessing">
    <config key="preprocColumns">
        <entry key="array-size" type="xint" value="13"/>
        <entry key="0" type="xstring" value="Status of existing checking account"/>
        <entry key="1" type="xstring" value="Credit history"/>
        <entry key="2" type="xstring" value="Purpose"/>
        <entry key="3" type="xstring" value="Savings account/bonds"/>
        <entry key="4" type="xstring" value="Present employment since"/>
        <entry key="5" type="xstring" value="Personal status and sex"/>
        <entry key="6" type="xstring" value="Other debtors / guarantors"/>
        <entry key="7" type="xstring" value="Property"/>
        <entry key="8" type="xstring" value="Other installment plans"/>
        <entry key="9" type="xstring" value="Housing"/>
        <entry key="10" type="xstring" value="Job"/>
        <entry key="11" type="xstring" value="Telephone"/>
        <entry key="12" type="xstring" value="Foreign worker"/>
    </config>
</config>
