<?xml version="1.0" encoding="UTF-8"?>
<config xmlns="http://www.knime.org/2008/09/XMLConfig" xmlns:xsi="http://www.w3.org/2001/XMLSchema-instance" xsi:schemaLocation="http://www.knime.org/2008/09/XMLConfig http://www.knime.org/XMLConfig_2008_09.xsd" key="model.xml">
    <entry key="version" type="xint" value="1"/>
    <entry key="class_name" type="xstring" value="org.knime.base.data.normalize.NormalizerPortObject"/>
    <config key="model">
        <config key="columns">
            <config key="Status of existing checking account">
                <entry key="column_name" type="xstring" value="Status of existing checking account"/>
                <entry key="column_scale" type="xdouble" value="0.3333333333333333"/>
                <entry key="column_translate" type="xdouble" value="0.0"/>
                <entry key="column_min" type="xdouble" value="0.0"/>
                <entry key="column_max" type="xdouble" value="1.0"/>
            </config>
            <config key="Duration in months">
                <entry key="column_name" type="xstring" value="Duration in months"/>
                <entry key="column_scale" type="xdouble" value="0.014705882352941176"/>
                <entry key="column_translate" type="xdouble" value="-0.058823529411764705"/>
                <entry key="column_min" type="xdouble" value="0.0"/>
                <entry key="column_max" type="xdouble" value="1.0"/>
            </config>
            <config key="Credit history">
                <entry key="column_name" type="xstring" value="Credit history"/>
                <entry key="column_scale" type="xdouble" value="0.25"/>
                <entry key="column_translate" type="xdouble" value="0.0"/>
                <entry key="column_min" type="xdouble" value="0.0"/>
                <entry key="column_max" type="xdouble" value="1.0"/>
            </config>
            <config key="Purpose">
                <entry key="column_name" type="xstring" value="Purpose"/>
                <entry key="column_scale" type="xdouble" value="0.1111111111111111"/>
                <entry key="column_translate" type="xdouble" value="0.0"/>
                <entry key="column_min" type="xdouble" value="0.0"/>
                <entry key="column_max" type="xdouble" value="1.0"/>
            </config>
            <config key="Credit amount">
                <entry key="column_name" type="xstring" value="Credit amount"/>
                <entry key="column_scale" type="xdouble" value="5.5023660173874766E-5"/>
                <entry key="column_translate" type="xdouble" value="-0.013755915043468691"/>
                <entry key="column_min" type="xdouble" value="0.0"/>
                <entry key="column_max" type="xdouble" value="1.0"/>
            </config>
            <config key="Savings account/bonds">
                <entry key="column_name" type="xstring" value="Savings account/bonds"/>
                <entry key="column_scale" type="xdouble" value="0.25"/>
                <entry key="column_translate" type="xdouble" value="0.0"/>
                <entry key="column_min" type="xdouble" value="0.0"/>
                <entry key="column_max" type="xdouble" value="1.0"/>
            </config>
            <config key="Present employment since">
                <entry key="column_name" type="xstring" value="Present employment since"/>
                <entry key="column_scale" type="xdouble" value="0.25"/>
                <entry key="column_translate" type="xdouble" value="0.0"/>
                <entry key="column_min" type="xdouble" value="0.0"/>
                <entry key="column_max" type="xdouble" value="1.0"/>
            </config>
            <config key="Installment rate in percentage of disposable income">
                <entry key="column_name" type="xstring" value="Installment rate in percentage of disposable income"/>
                <entry key="column_scale" type="xdouble" value="0.3333333333333333"/>
                <entry key="column_translate" type="xdouble" value="-0.3333333333333333"/>
                <entry key="column_min" type="xdouble" value="0.0"/>
                <entry key="column_max" type="xdouble" value="1.0"/>
            </config>
            <config key="Personal status and sex">
                <entry key="column_name" type="xstring" value="Personal status and sex"/>
                <entry key="column_scale" type="xdouble" value="0.3333333333333333"/>
                <entry key="column_translate" type="xdouble" value="0.0"/>
                <entry key="column_min" type="xdouble" value="0.0"/>
                <entry key="column_max" type="xdouble" value="1.0"/>
            </config>
            <config key="Other debtors / guarantors">
                <entry key="column_name" type="xstring" value="Other debtors / guarantors"/>
                <entry key="column_scale" type="xdouble" value="0.5"/>
                <entry key="column_translate" type="xdouble" value="0.0"/>
                <entry key="column_min" type="xdouble" value="0.0"/>
                <entry key="column_max" type="xdouble" value="1.0"/>
            </config>
            <config key="Present residence since">
                <entry key="column_name" type="xstring" value="Present residence since"/>
                <entry key="column_scale" type="xdouble" value="0.3333333333333333"/>
                <entry key="column_translate" type="xdouble" value="-0.3333333333333333"/>
                <entry key="column_min" type="xdouble" value="0.0"/>
                <entry key="column_max" type="xdouble" value="1.0"/>
            </config>
            <config key="Property">
                <entry key="column_name" type="xstring" value="Property"/>
                <entry key="column_scale" type="xdouble" value="0.3333333333333333"/>
                <entry key="column_translate" type="xdouble" value="0.0"/>
                <entry key="column_min" type="xdouble" value="0.0"/>
                <entry key="column_max" type="xdouble" value="1.0"/>
            </config>
            <config key="Age in years">
                <entry key="column_name" type="xstring" value="Age in years"/>
                <entry key="column_scale" type="xdouble" value="0.017857142857142856"/>
                <entry key="column_translate" type="xdouble" value="-0.33928571428571425"/>
                <entry key="column_min" type="xdouble" value="0.0"/>
                <entry key="column_max" type="xdouble" value="1.0"/>
            </config>
            <config key="Other installment plans">
                <entry key="column_name" type="xstring" value="Other installment plans"/>
                <entry key="column_scale" type="xdouble" value="0.5"/>
                <entry key="column_translate" type="xdouble" value="0.0"/>
                <entry key="column_min" type="xdouble" value="0.0"/>
                <entry key="column_max" type="xdouble" value="1.0"/>
            </config>
            <config key="Housing">
                <entry key="column_name" type="xstring" value="Housing"/>
                <entry key="column_scale" type="xdouble" value="0.5"/>
                <entry key="column_translate" type="xdouble" value="0.0"/>
                <entry key="column_min" type="xdouble" value="0.0"/>
                <entry key="column_max" type="xdouble" value="1.0"/>
            </config>
            <config key="Number of existing credits at this bank">
                <entry key="column_name" type="xstring" value="Number of existing credits at this bank"/>
                <entry key="column_scale" type="xdouble" value="0.3333333333333333"/>
                <entry key="column_translate" type="xdouble" value="-0.3333333333333333"/>
                <entry key="column_min" type="xdouble" value="0.0"/>
                <entry key="column_max" type="xdouble" value="1.0"/>
            </config>
            <config key="Job">
                <entry key="column_name" type="xstring" value="Job"/>
                <entry key="column_scale" type="xdouble" value="0.3333333333333333"/>
                <entry key="column_translate" type="xdouble" value="0.0"/>
                <entry key="column_min" type="xdouble" value="0.0"/>
                <entry key="column_max" type="xdouble" value="1.0"/>
            </config>
            <config key="Number of people being liable to provide maintenance for">
                <entry key="column_name" type="xstring" value="Number of people being liable to provide maintenance for"/>
                <entry key="column_scale" type="xdouble" value="1.0"/>
                <entry key="column_translate" type="xdouble" value="-1.0"/>
                <entry key="column_min" type="xdouble" value="0.0"/>
                <entry key="column_max" type="xdouble" value="1.0"/>
            </config>
            <config key="Telephone">
                <entry key="column_name" type="xstring" value="Telephone"/>
                <entry key="column_scale" type="xdouble" value="1.0"/>
                <entry key="column_translate" type="xdouble" value="0.0"/>
                <entry key="column_min" type="xdouble" value="0.0"/>
                <entry key="column_max" type="xdouble" value="1.0"/>
            </config>
            <config key="Foreign worker">
                <entry key="column_name" type="xstring" value="Foreign worker"/>
                <entry key="column_scale" type="xdouble" value="1.0"/>
                <entry key="column_translate" type="xdouble" value="0.0"/>
                <entry key="column_min" type="xdouble" value="0.0"/>
                <entry key="column_max" type="xdouble" value="1.0"/>
            </config>
        </config>
        <entry key="summary" type="xstring" value="Min/Max (0.0, 1) normalization on 20 column(s)"/>
    </config>
</config>
